E00001,juan12,hola,juan
E00002,pedro3,e23e,pedro
E00003,bernardo5,6tr5,bernardo
E00004,pancho36,ef67,pancho
E00005,julio99,ws34,julio
E00006,julia34,as34,julia
E00007,montse1,we45,montse
E00008,isa02,ecty,isa
E00009,andrea22,tg67,andrea
E00010,rafa56,ws12,rafa
E00011,teodoro2,1ws3,teodoro
E00012,leonel32,as34f,leonel
E00013,ignacio34,ws45,ignacio
E00014,pedro7,wsft6,pedro
E00015,jose00,wpok,jose
E00016,daniela99,sljx,daniela
E00017,emilia38,wsxt,emilia
E00018,serena3,wxcty,serena
E00019,lyana001,wxcvt,lyana
E00020,andres04,ajun,andres
