T00001,Trabajo 1
T00002,Trabajo 2
T00003,Trabajo 3
T00004,Trabajo 4
T00005,Trabajo 5
T00006,Trabajo 6
T00007,Trabajo 7
T00008,Trabajo 8
T00009,Trabajo 9
T00010,Trabajo 10
T00011,Trabajo 3
T00012,Trabajo 4
T00013,Trabajo 5
T00014,Trabajo 6
T00015,Trabajo 7
T00016,Trabajo 2
T00017,Trabajo 1
T00018,Trabajo 2
T00019,Trabajo 3
T00020,Trabajo 4
T00021,Trabajo 5
T00022,Trabajo 6
T00023,Trabajo 7
T00024,Trabajo 8
T00025,Trabajo 9
T00026,Trabajo 10
T00027,Trabajo 3
T00028,Trabajo 4
T00029,Trabajo 5
T00030,Trabajo 6
T00031,Trabajo 7
T00032,Trabajo 2
T00033,Trabajo 1
T00034,Trabajo 2
T00035,Trabajo 3
T00036,Trabajo 4
T00037,Trabajo 5
T00038,Trabajo 6
T00039,Trabajo 7
T00040,Trabajo 8
T00041,Trabajo 9
T00042,Trabajo 10
T00043,Trabajo 3
T00044,Trabajo 4
T00045,Trabajo 5
T00046,Trabajo 6
T00047,Trabajo 7
T00048,Trabajo 2
T00049,Trabajo 1
T00050,Trabajo 2
T00051,Trabajo 3
T00052,Trabajo 4
