Proyecto 1,Descripción del Proyecto 1,2021-6-02,2021-6-03
Proyecto 2,Descripción del Proyecto 2,2021-6-02,2021-6-03
Proyecto 3,Descripción del Proyecto 3,2021-6-02,2021-6-03
Proyecto 4,Descripción del Proyecto 4,2021-6-02,2021-6-03
Proyecto 5,Descripción del Proyecto 5,2021-6-02,2021-6-03
Proyecto 6,Descripción del Proyecto 6,2021-6-02,2021-6-03
Proyecto 7,Descripción del Proyecto 7,2021-6-02,2021-6-03
Proyecto 8,Descripción del Proyecto 8,2021-6-02,2021-6-03
Proyecto 9,Descripción del Proyecto 9,2021-6-02,2021-6-03
Proyecto 10,Descripción del Proyecto 10,2021-6-02,2021-6-03
Proyecto 11,Descripción del Proyecto 11,2021-6-02,2021-6-03
Proyecto 12,Descripción del Proyecto 12,2021-6-02,2021-6-03
Proyecto 13,Descripción del Proyecto 13,2021-6-02,2021-6-03
Proyecto 14,Descripción del Proyecto 14,2021-6-02,2021-6-03
Proyecto 15,Descripción del Proyecto 15,2021-6-02,2021-6-03
Proyecto 16,Descripción del Proyecto 16,2021-6-02,2021-6-03
Proyecto 17,Descripción del Proyecto 17,2021-6-02,2021-6-03
Proyecto 18,Descripción del Proyecto 18,2021-6-02,2021-6-03
Proyecto 19,Descripción del Proyecto 19,2021-6-02,2021-6-03
Proyecto 20,Descripción del Proyecto 20,2021-6-02,2021-6-03
Proyecto 21,Descripción del Proyecto 21,2021-6-02,2021-6-03
Proyecto 22,Descripción del Proyecto 22,2021-6-02,2021-6-03
Proyecto 23,Descripción del Proyecto 23,2021-6-02,2021-6-03
Proyecto 24,Descripción del Proyecto 24,2021-6-02,2021-6-03
Proyecto 25,Descripción del Proyecto 25,2021-6-02,2021-6-03
Proyecto 26,Descripción del Proyecto 26,2021-6-02,2021-6-03
Proyecto 27,Descripción del Proyecto 27,2021-6-02,2021-6-03
Proyecto 28,Descripción del Proyecto 28,2021-6-02,2021-6-03
Proyecto 29,Descripción del Proyecto 29,2021-6-02,2021-6-03
Proyecto 30,Descripción del Proyecto 30,2021-6-02,2021-6-03
Proyecto 31,Descripción del Proyecto 31,2021-6-02,2021-6-03
Proyecto 32,Descripción del Proyecto 32,2021-6-02,2021-6-03
Proyecto 33,Descripción del Proyecto 33,2021-6-02,2021-6-03
Proyecto 34,Descripción del Proyecto 34,2021-6-02,2021-6-03
Proyecto 35,Descripción del Proyecto 35,2021-6-02,2021-6-03
Proyecto 36,Descripción del Proyecto 36,2021-6-02,2021-6-03
Proyecto 37,Descripción del Proyecto 37,2021-6-02,2021-6-03
Proyecto 38,Descripción del Proyecto 38,2021-6-02,2021-6-03
Proyecto 39,Descripción del Proyecto 39,2021-6-02,2021-6-03
Proyecto 40,Descripción del Proyecto 40,2021-6-02,2021-6-03
Proyecto 41,Descripción del Proyecto 41,2021-6-02,2021-6-03
Proyecto 42,Descripción del Proyecto 42,2021-6-02,2021-6-03
Proyecto 43,Descripción del Proyecto 43,2021-6-02,2021-6-03
Proyecto 44,Descripción del Proyecto 44,2021-6-02,2021-6-03
Proyecto 45,Descripción del Proyecto 45,2021-6-02,2021-6-03
Proyecto 46,Descripción del Proyecto 46,2021-6-02,2021-6-03
Proyecto 47,Descripción del Proyecto 47,2021-6-02,2021-6-03
Proyecto 48,Descripción del Proyecto 48,2021-6-02,2021-6-03
Proyecto 49,Descripción del Proyecto 49,2021-6-02,2021-6-03
Proyecto 50,Descripción del Proyecto 50,2021-6-02,2021-6-03